{"cameraMode":{"drawMode":0,"name":"Shaded","section":"Shading Mode"},"sceneLighting":true,"audioPlay":false,"sceneViewState":{"showFog":true,"showMaterialUpdate":false,"showSkybox":true,"showFlares":true,"showImageEffects":true,"showParticleSystems":true},"in2DMode":false,"pivot":{"x":65.85101318359375,"y":190.71981811523438,"z":55.33045959472656},"rotation":{"x":-0.0946275070309639,"y":-0.029267985373735429,"z":0.0027775426860898735,"w":-0.9950844645500183},"size":147.9216766357422,"orthographic":false}